team_id,team_name_cn,team_name_en,comp_id,collision_avoidance_note
ARS,阿森纳,Arsenal,ENG1,
AVL,阿斯顿维拉,Aston Villa,ENG1,
BOU,伯恩茅斯,AFC Bournemouth,ENG1,
BRE,布伦特福德,Brentford,ENG1,
BHA,布莱顿,Brighton & Hove Albion,ENG1,
CHE,切尔西,Chelsea,ENG1,
CRY,水晶宫,Crystal Palace,ENG1,
EVE,埃弗顿,Everton,ENG1,
FUL,富勒姆,Fulham,ENG1,
IPS,伊普斯维奇,Ipswich Town,ENG1,
LEI,莱斯特城,Leicester City,ENG3,
LIV,利物浦,Liverpool,ENG1,
MCI,曼城,Manchester City,ENG1,
MUN,曼联,Manchester United,ENG1,
NEW,纽卡斯尔联,Newcastle United,ENG1,
NFO,诺丁汉森林,Nottingham Forest,ENG1,
SOU,南安普顿,Southampton,ENG2,
TOT,热刺,Tottenham Hotspur,ENG1,
WHU,西汉姆联,West Ham United,ENG2,
WOL,狼队,Wolverhampton Wanderers,ENG2,
LEE,利兹联,Leeds United,ENG1,
BUR,伯恩利,Burnley,ENG2,
SHU,谢菲联,Sheffield United,ENG2,
WBA,西布罗姆维奇,West Bromwich Albion,ENG2,
NOR,诺维奇,Norwich City,ENG2,
HUL,赫尔城,Hull City,ENG1,
MID,米德尔斯堡,Middlesbrough,ENG2,
COV,考文垂,Coventry City,ENG1,
PNE,普雷斯顿,Preston North End,ENG2,
SUN,桑德兰,Sunderland,ENG1,
WAT,沃特福德,Watford,ENG2,
BRC,布里斯托城,Bristol City,ENG2,
SWA,斯旺西,Swansea City,ENG2,
QPR,女王公园巡游者,Queens Park Rangers,ENG2,
BLA,布莱克本,Blackburn Rovers,ENG2,
SHW,谢周三,Sheffield Wednesday,ENG3,
PLY,普利茅斯,Plymouth Argyle,ENG3,
PTM,朴茨茅斯,Portsmouth,ENG2,
DER,德比郡,Derby County,ENG2,
OXF,牛津联,Oxford United,ENG3,
MIL,米尔沃尔,Millwall,ENG2,
STK,斯托克城,Stoke City,ENG2,
CAR,卡迪夫城,Cardiff City,ENG2,
LUT,卢顿,Luton Town,ENG3,
BIR,伯明翰,Birmingham City,ENG2,
HUD,哈德斯菲尔德,Huddersfield Town,ENG3,
ROT,罗瑟汉姆,Rotherham United,ENG4,
BOL,博尔顿,Bolton Wanderers,ENG2,
PET,彼得堡联,Peterborough United,ENG3,
BAR,巴恩斯利,Barnsley,ENG3,
LIN,林肯城,Lincoln City,ENG2,
BKP,布莱克浦,Blackpool,ENG3,
STE,斯蒂文尼奇,Stevenage,ENG3,
WYC,韦康比流浪者,Wycombe Wanderers,ENG3,
LEY,莱顿东方,Leyton Orient,ENG3,
WIG,维冈竞技,Wigan Athletic,ENG3,
CHA,查尔顿,Charlton Athletic,ENG2,
REA,雷丁,Reading,ENG3,
BRR,布里斯托尔流浪,Bristol Rovers,ENG4,
NTH,北安普敦,Northampton Town,ENG4,
EXE,埃克塞特城,Exeter City,ENG4,
WRE,雷克瑟姆,Wrexham,ENG2,
STO,斯托克港,Stockport County,ENG3,
MAN,曼斯菲尔德,Mansfield Town,ENG3,
CAM,剑桥联,Cambridge United,ENG3,
SHR,什鲁斯伯里,Shrewsbury Town,ENG4,
BUT,伯顿,Burton Albion,ENG3,
CRA,克劳利,Crawley Town,ENG4,
CTM,切尔滕汉姆,Cheltenham Town,ENG4,
FLE,弗利特伍德,Fleetwood Town,ENG4,
OLD,奥德汉姆,Oldham,ENG4,
PVL,维尔港,Port Vale,ENG4,
MKD,米尔顿凯恩斯,Milton Keynes Dons,ENG3,
DON,唐卡斯特,Doncaster Rovers,ENG3,
CRE,克鲁,Crewe Alexandra,ENG4,
BRD,布拉德福德,Bradford City,ENG3,
WIM,AFC温布尔登,AFC Wimbledon,ENG3,
WSL,沃尔索尔,Walsall,ENG4,
GIL,吉林汉姆,Gillingham,ENG4,
HAR,哈罗盖特,Harrogate Town,ENG4,
NTC,诺茨郡,Notts County,ENG3,
NPT,纽波特,Newport County,ENG4,
TRA,特兰米尔,Tranmere Rovers,ENG4,
ACC,阿克灵顿,Accrington Stanley,ENG4,
SWI,斯文登,Swindon Town,ENG4,
SAL,索尔福德市,Salford City,ENG4,
BNT,巴内特,Barnet,ENG4,
CFC,切斯特菲尔德,Chesterfield,ENG4,
BRO,布罗姆利,Bromley,ENG3,
CUF,科切斯特联,Colchester United,ENG4,
GRI,格林斯比,Grimsby Town,ENG4,
YOR,约克城,York City,ENG4,
PSG,巴黎圣日耳曼,Paris Saint-Germain,FRA1,
MON,摩纳哥,AS Monaco,FRA1,
BRS,布雷斯特,Brest,FRA1,
LIL,里尔,Lille OSC,FRA1,
NIC,尼斯,OGC Nice,FRA1,
LYO,里昂,Olympique Lyonnais,FRA1,
LEN,朗斯,RC Lens,FRA1,
MRS,马赛,Olympique de Marseille,FRA1,
REI,兰斯,Stade de Reims,FRA2,
REN,雷恩,Stade Rennais,FRA1,
TOU,图卢兹,Toulouse FC,FRA1,
MPL,蒙彼利埃,Montpellier HSC,FRA2,
STR,斯特拉斯堡,RC Strasbourg,FRA1,
NAN,南特,FC Nantes,FRA2,
HAC,勒阿弗尔,Le Havre AC,FRA1,
AUX,欧塞尔,AJ Auxerre,FRA1,
ANG,昂热,Angers SCO,FRA1,
ASE,圣埃蒂安,AS Saint-Etienne,FRA2,
LEM,勒芒,Le Mans,FRA1,
MET,梅斯,FC Metz,FRA2,
BGN,布洛涅,US Boulogne,FRA2,
DIJ,第戎,FC Dijon,FRA2,
LOR,洛里昂,FC Lorient,FRA1,
CLE,克莱蒙,Clermont Foot,FRA2,
SOC,索肖,Sochaux,FRA2,
ROD,罗德兹,Rodez AF,FRA2,
PFC,巴黎FC,Paris FC,FRA1,
LAV,拉瓦勒,Stade Lavallois,FRA2,
GUI,甘冈,EA Guingamp,FRA2,
NNC,南锡,FC Nantes,FRA2,
PAU,波城,Pau FC,FRA2,
GRN,格勒诺布尔,Grenoble Foot 38,FRA2,
ANN,阿讷西,FC Annecy,FRA2,
TRO,特鲁瓦,ES Troyes AC,FRA1,
USL,敦刻尔克,USL Dunkerque,FRA2,
RED,红星,Red Star FC,FRA2,
LEV,勒沃库森,Bayer Leverkusen,GER1,
VFB,斯图加特,VfB Stuttgart,GER1,
FCB,拜仁慕尼黑,Bayern Munich,GER1,
RBL,莱比锡红牛,RB Leipzig,GER1,
BVB,多特蒙德,Borussia Dortmund,GER1,
SGE,法兰克福,Eintracht Frankfurt,GER1,
TSG,霍芬海姆,TSG Hoffenheim,GER1,
FCH,海登海姆,1. FC Heidenheim,GER2,
SVW,云达不莱梅,Werder Bremen,GER1,
SCF,弗赖堡,SC Freiburg,GER1,
FCA,奥格斯堡,FC Augsburg,GER1,
WOB,沃尔夫斯堡,VfL Wolfsburg,GER2,
M05,美因茨,Mainz 05,GER1,
BMG,门兴格拉德巴赫,Borussia Monchengladbach,GER1,
FCU,柏林联合,Union Berlin,GER1,
BCH,波鸿,VfL Bochum,GER2,
STP,圣保利,FC St. Pauli,GER2,
KIE,荷尔斯泰因基尔,Holstein Kiel,GER2,
KOE,科隆,1. FC Koln,GER1,
SVD,达姆施塔特,SV Darmstadt 98,GER2,
HSV,汉堡,Hamburger SV,GER1,
KSC,卡尔斯鲁厄,Karlsruher SC,GER2,
H96,汉诺威96,Hannover 96,GER2,
SCP,帕德博恩,SC Paderborn 07,GER1,
FUR,菲尔特,Greuther Furth,GER2,
BSC,柏林赫塔,Hertha BSC,GER2,
S04,沙尔克04,Schalke 04,GER1,
ELV,埃弗斯堡,SV Elversberg,GER1,
FCN,纽伦堡,1. FC Nurnberg,GER2,
FCK,凯泽斯劳滕,1. FC Kaiserslautern,GER2,
FCM,马格德堡,1. FC Magdeburg,GER2,
EBS,布伦瑞克,Eintracht Braunschweig,GER2,
DRE,德累斯顿,SG Dynamo Dresden,GER2,
COT,科特布斯,Energie Cottbus,GER2,
BIE,比勒费尔德,Arminia Bielefeld,GER2,
OSN,奥斯纳布吕克,VfL Osnabruck,GER2,
RMA,皇家马德里,Real Madrid,ESP1,
BAR,巴塞罗那,FC Barcelona,ESP1,
ATM,马德里竞技,Atletico Madrid,ESP1,
GIR,赫罗纳,Girona FC,ESP2,
ATH,毕尔巴鄂竞技,Athletic Club,ESP1,
RSO,皇家社会,Real Sociedad,ESP1,
BET,皇家贝蒂斯,Real Betis,ESP1,
VIL,比利亚雷亚尔,Villarreal CF,ESP1,
VAL,瓦伦西亚,Valencia CF,ESP1,
ALA,阿拉维斯,Deportivo Alaves,ESP1,
OSA,奥萨苏纳,CA Osasuna,ESP1,
GET,赫塔费,Getafe CF,ESP1,
CEL,塞尔塔,Celta Vigo,ESP1,
SEV,塞维利亚,Sevilla FC,ESP1,
MLL,马洛卡,RCD Mallorca,ESP2,
LPA,拉斯帕尔马斯,UD Las Palmas,ESP2,
RAY,巴列卡诺,Rayo Vallecano,ESP1,
VLL,巴拉多利德,Real Valladolid,ESP1,
ESP,西班牙人,RCD Espanyol,ESP1,
CAD,加的斯,Cadiz CF,ESP2,
ALM,阿尔梅里亚,UD Almeria,ESP2,
GRA,格拉纳达,Granada CF,ESP2,
OVI,皇家奥维耶多,Real Oviedo,ESP2,
EIB,埃瓦尔,SD Eibar,ESP2,
RAS,桑坦德竞技,Racing Santander,ESP1,
RSG,希洪竞技,Sporting Gijon,ESP2,
ZAR,萨拉戈萨,Real Zaragoza,ESP2,
ALB,阿尔巴塞特,Albacete Balompie,ESP2,
TEN,特内里费,CD Tenerife,ESP2,
LVT,莱万特,Levante UD,ESP1,
BGS,布尔戈斯,Burgos CF,ESP2,
RSB,皇家社会B队,Real Sociedad B,ESP2,
CVB,塞尔塔B队,Celta Vigo B,ESP2,
FCA,安道尔,FC Andorra,ESP2,
CEU,休达,Ceuta,ESP2,
ELD,埃登斯,CD Eldense,ESP2,
HUE,韦斯卡,SD Huesca,ESP2,
CDB,科尔多瓦,Cordoba CF,ESP2,
MAL,马拉加,Malaga CF,ESP1,
DEP,拉科鲁尼亚,Deportivo La Coruna,ESP1,
CAS,卡斯特利翁,CD Castellon,ESP2,
SAB,沙巴度尔,Sabadell,ESP2,
PSV,埃因霍温,PSV Eindhoven,NED1,
FEY,费耶诺德,Feyenoord,NED1,
TWE,特温特,FC Twente,NED1,
AZA,阿尔克马尔,AZ Alkmaar,NED1,
AJA,阿贾克斯,Ajax,NED1,
NEC,奈梅亨,NEC Nijmegen,NED1,
UTR,乌得勒支,FC Utrecht,NED1,
SPA,鹿特丹斯巴达,Sparta Rotterdam,NED1,
GAE,前进之鹰,Go Ahead Eagles,NED1,
HEE,海伦芬,SC Heerenveen,NED1,
BRD,布雷达,NAC Breda,NED2,
FST,福图纳锡塔德,Fortuna Sittard,NED1,
PEC,兹沃勒,PEC Zwolle,NED1,
ALM,阿尔梅勒城,Almere City,NED2,
HER,赫拉克勒斯,Heracles Almelo,NED2,
RKC,瓦尔韦克,RKC Waalwijk,NED2,
WIL,威廉二世,Willem II,NED1,
GRO,格罗宁根,FC Groningen,NED1,
EXC,SBV精英,SBV Excelsior,NED1,
VOL,福伦丹,FC Volendam,NED2,
RJC,罗达JC,Roda JC,NED2,
ADO,海牙,ADO Den Haag,NED1,
DGR,格拉夫夏普,De Graafschap,NED2,
EMM,埃门,FC Emmen,NED2,
MVV,马斯特里赫特,MVV Maastricht,NED2,
VTS,维特斯,Vitesse,NED2,
CBU,坎布尔,SC Cambuur,NED1,
VVV,芬洛,VVV-Venlo,NED2,
HEL,海尔蒙特,Helmond Sport,NED2,
OSS,奥斯,TOP Oss,NED2,
DBO,邓伯什,FC Den Bosch,NED2,
EIN,FC埃因霍温,FC Eindhoven,NED2,
TEL,特尔斯达,SC Telstar,NED1,
DOR,多德勒支,FC Dordrecht,NED2,
JAZ,阿尔克马尔青年队,Jong AZ,NED2,
JAJ,阿贾克斯青年队,Jong Ajax,NED2,
JPS,埃因霍温青年队,Jong PSV,NED2,
JUT,乌得勒支青年队,Jong FC Utrecht,NED2,
INT,国际米兰,Inter Milan,ITA1,
ACM,AC米兰,AC Milan,ITA1,
JUV,尤文图斯,Juventus,ITA1,
ATA,亚特兰大,Atalanta,ITA1,
BOL,博洛尼亚,Bologna,ITA1,
ROM,罗马,AS Roma,ITA1,
LAZ,拉齐奥,Lazio,ITA1,
FIO,佛罗伦萨,Fiorentina,ITA1,
NAP,那不勒斯,Napoli,ITA1,
TOR,都灵,Torino,ITA1,
GEN,热那亚,Genoa,ITA1,
MNZ,蒙扎,AC Monza,ITA1,
VER,维罗纳,Hellas Verona,ITA1,
LEC,莱切,Lecce,ITA1,
UDI,乌迪内斯,Udinese,ITA1,
CAG,卡利亚里,Cagliari,ITA1,
EMP,恩波利,Empoli,ITA2,
PRM,帕尔马,Parma,ITA1,
COM,科莫,Como 1907,ITA1,
VEN,威尼斯,Venezia FC,ITA2,
FRO,弗罗西诺内,Frosinone,ITA1,
SAS,萨索洛,Sassuolo,ITA1,
AVE,阿韦利诺,Avellino,ITA2,
VIC,维琴察,L.R. Vicenza,ITA2,
CES,切塞纳,Cesena,ITA2,
ASC,阿斯科利,Ascoli,ITA2,
PIS,比萨,Pisa,ITA2,
MNT,曼托瓦,Mantova,ITA2,
MOD,摩德纳,Modena,ITA2,
CRN,克雷莫纳,Cremonese,ITA2,
PDV,帕多瓦,Padova,ITA2,
ARE,阿雷佐,Arezzo,ITA2,
JVS,史泰比亚,Juve Stabia,ITA2,
SUD,南蒂罗尔,Sudtirol,ITA2,
CRS,凯勒雷斯,Carrarese,ITA2,
BNV,贝内文托,Benevento,ITA2,
CAT,卡坦萨罗,Catanzaro,ITA2,
SMP,桑普多利亚,Sampdoria,ITA2,
PLR,巴勒莫,Palermo,ITA2,
ENT,恩特拉,Entella,ITA2,
EST,阿马多拉,Estrela,POR1,
VIT,吉马良斯,Vitoria Guimaraes,POR1,
ESL,埃斯托里尔,Estoril,POR1,
GVC,吉维森特,Gil Vicente,POR1,
RAV,里奥阿维,Rio Ave,POR1,
SCL,圣克拉拉,Santa Clara,POR1,
MOR,摩里伦斯,Moreirense,POR1,
FCP,波尔图,FC Porto,POR1,
SPO,葡萄牙体育,Sporting CP,POR1,
SLB,本菲卡,Benfica,POR1,
MTM,马里迪莫,Maritimo,POR1,
BRG,布拉加,Braga,POR1,
NDM,葡萄牙国民,Nacional,POR1,
ARO,阿罗卡,Arouca,POR1,
CPA,卡萨皮亚,Casa Pia,POR1,
ACV,维塞乌,Academico Viseu,POR1,
ALV,艾华卡,Alverca,POR1,
FAM,法马利康,Famalicao,POR1,
ACA,科英布拉大学,Academica,POR2,
LEX,雷克斯欧斯,Leixoes,POR2,
FEI,费伦斯,Feirense,POR2,
PEN,佩纳菲尔,Penafiel,POR2,
PTS,朴迪莫伦斯,Portimonense,POR2,
VIZ,维泽拉,Vizela,POR2,
GDC,查维斯,Chaves,POR2,
SCU,杜连斯,Torreense,POR2,
LRA,莱里亚,Leiria,POR2,
TON,通德拉,Tondela,POR2,
AMA,阿马兰特,Amarante,POR2,
LUS,卢西亚尼亚,Lusitania FC,POR2,
FAR,法伦斯,SC Farense,POR2,
FEL,费尔格拉斯,Felgueiras,POR2,
FPB,波尔图B队,FC Porto B,POR2,
SPB,葡萄牙体育B队,Sporting CP B,POR2,
BNB,本菲卡B队,Benfica B,POR2,
AFS,AVS俱乐部,AFS,POR2,
DUU,邓迪联,Dundee Utd,SCO1,
FAL,福尔柯克,Falkirk,SCO1,
HEA,哈茨,Hearts,SCO1,
HIB,希伯尼安,Hibernian,SCO1,
KIL,基马诺克,Kilmarnock,SCO1,
MOT,马瑟韦尔,Motherwell,SCO1,
STM,圣米伦,St. Mirren,SCO1,
DUF,邓迪FC,Dundee FC,SCO1,
STJ,圣约翰斯通,St Johnstone,SCO1,
CEL,凯尔特人,Celtic,SCO1,
RAG,格拉斯哥流浪者,Rangers,SCO1,
ABE,阿伯丁,Aberdeen,SCO1,
INV,因弗内斯,Inverness,SCO2,
LVG,利文斯顿,Livingston,SCO2,
MOR,莫顿,Morton,SCO2,
PAT,帕尔蒂克,Partick Thistle,SCO2,
AYR,艾尔,Ayr,SCO2,
QPA,女王公园,Queen's Park,SCO2,
RAI,拉茨流浪者,Raith,SCO2,
ARB,阿布罗斯,Arbroath,SCO2,
SHM,斯坦豪斯摩尔,Stenhousemuir,SCO2,
DFL,邓弗姆林,Dunfermline,SCO2,
ANT,安特卫普,Antwerp,BEL1,
LEU,旧海弗莱鲁汶,Leuven,BEL1,
LOM,洛默尔,Lommel SK,BEL1,
AND,安德莱赫特,Anderlecht,BEL1,
CER,色格拉布鲁日,Cercle Brugge KSV,BEL1,
CRL,沙勒罗瓦,Charleroi,BEL1,
CLB,布鲁日,Club Brugge KV,BEL1,
GNK,亨克,Genk,BEL1,
GNT,根特,Gent,BEL1,
MEC,梅赫伦,KV Mechelen,BEL1,
STA,标准列日,St. Liege,BEL1,
STT,圣图尔登,St. Truiden,BEL1,
WAR,威尔郡,Waregem,BEL1,
WES,韦斯特洛,Westerlo,BEL1,
KVK,科特赖克,Kortrijk,BEL1,
USG,圣吉罗斯,Royale Union SG,BEL1,
BEV,梅赫伦,Beveren,BEL1,
RAA,拉卢维耶尔,RAAL La Louviere,BEL1,
DEN,登德尔,Dender,BEL2,
EUP,欧本,Eupen,BEL2,
VIR,维尔通,Virton,BEL2,
FRB,博兰斯弗朗科,Francs Borains,BEL2,
PAT,帕特罗艾斯登,Patro Eisden,BEL2,
HAS,哈塞尔特,Hasselt,BEL2,
LOK,洛克伦,Sporting Lokeren,BEL2,
BRV,比尔肖特VA,Beerschot VA,BEL2,
LIE,利尔斯,K. Lierse S.K.,BEL2,
RFC,列日,RFC Liege,BEL2,
SER,瑟兰,Seraing,BEL2,
GEU,根特B队,Gent U23,BEL2,
CLU,布鲁日B队,Club Brugge KV U23,BEL2,
GNU,亨克B队,Genk U23,BEL2,
ANDU,安德莱赫特B队,Anderlecht U23,BEL2,
SIR,天狼星,Sirius,SWE1,
HAM,哈马比,Hammarby,SWE1,
BKH,赫根,Hacken,SWE1,
AIK,索尔纳,AIK,SWE1,
DJU,尤尔加登,Djurgarden,SWE1,
MAL,马尔默,Malmo FF,SWE1,
GAI,盖斯,GAIS,SWE1,
VST,韦斯特罗斯,Vasteras SK,SWE1,
ELF,埃尔夫斯堡,Elfsborg,SWE1,
MJA,米亚尔比,Mjallby,SWE1,
BRO,布洛马波卡纳,Brommapojkarna,SWE1,
KAL,卡尔马,Kalmar,SWE1,
GOT,哥德堡,Goteborg,SWE1,
DEG,代格福什,Degerfors,SWE1,
ORG,奥尔格里特,Orgryte,SWE1,
HAL,哈尔姆斯塔德,Halmstad,SWE1,
VAR,瓦尔贝里,Varberg,SWE2,
NOR,北雪平,Norrkoping,SWE2,
FAK,法尔肯堡,Falkenberg,SWE2,
LND,兰斯克鲁纳,Landskrona,SWE2,
OST,奥斯特桑斯,Ostersund,SWE2,
NUN,北欧联,Nordic United,SWE2,
OIF,厄斯特,Oster,SWE2,
HEL,赫尔辛堡,Helsingborg,SWE2,
ODV,奥迪沃德,Oddevold,SWE2,
SAV,桑德维肯,Sandviken,SWE2,
LJU,永斯基勒,Ljungskile,SWE2,
NRB,诺尔比,Norrby,SWE2,
IKB,布拉格,Brage,SWE2,
ORE,厄勒布鲁,Orebro,SWE2,
VMO,瓦纳默,Varnamo,SWE2,
SUN,松兹瓦尔,Sundsvall,SWE2,
KUP,库普斯,KuPS,FIN1,
ITK,国际图尔库,Inter Turku,FIN1,
VPS,瓦萨,VPS,FIN1,
ACO,奥卢,AC Oulu,FIN1,
HJK,赫尔辛基,HJK,FIN1,
GNI,格尼斯坦,Gnistan,FIN1,
LAH,拉赫蒂,Lahti,FIN1,
TPS,国际图尔库,TPS,FIN1,
ILV,埃尔韦斯,Ilves,FIN1,
SJK,塞伊奈约基,SJK,FIN1,
JAR,雅罗,Jaro,FIN1,
IFM,玛丽港,Mariehamn,FIN1,
PK3,PK-35,PK-35,FIN2,
KTP,科特卡,KTP,FIN2,
JIP,吉普,Jippo,FIN2,
HAK2,哈卡,Haka,FIN2,
JAP,耶尔文佩,JaPS,FIN2,
MPM,MP米克力,Mikkeli,FIN2,
KAP,卡帕,KaPa,FIN2,
EKE,埃克纳斯,Ekenas,FIN2,
KLU,克鲁比04,Klubi 04,FIN2,
SJA,SJK学院,SJK Akatemia,FIN2,
TIL,特罗姆瑟,Tromso,NOR1,
VIK,维京,Viking,NOR1,
BOD,博德闪耀,Bodo/Glimt,NOR1,
LSK,利勒斯特罗姆,Lillestrom,NOR1,
MOL,莫尔德,Molde,NOR1,
BRN,布兰,Brann,NOR1,
HKA,汉坎,HamKam,NOR1,
S08,萨尔普斯堡08,Sarpsborg 08,NOR1,
VIF,瓦勒伦加,Valerenga,NOR1,
RBK,罗森博格,Rosenborg,NOR1,
SDF,桑德菲尤尔,Sandefjord,NOR1,
FFK,腓特烈斯塔,Fredrikstad,NOR1,
KFU,奥斯陆KFUM,KFUM Oslo,NOR1,
AAF,奥勒松,Aalesund,NOR1,
KBK,克里斯蒂安松,Kristiansund,NOR1,
IKS,斯达,Start,NOR1,
FKH,海于格松,Haugesund,NOR2,
KON,康斯文格,Kongsvinger,NOR2,
GOD,斯托姆加斯特,Stromsgodset,NOR2,
STB,斯塔贝克,Stabaek,NOR2,
ODD,奥德,Odd,NOR2,
HOD,禾特,Hodd,NOR2,
SNE,桑内斯,Sandnes,NOR2,
RIL,兰黑姆,Ranheim,NOR2,
EGE,埃格尔松,Egersund,NOR2,
BRY,布莱尼,Bryne,NOR2,
MOS,莫斯,Moss,NOR2,
SOG,松达尔,Sogndal,NOR2,
LYN,利恩,Lyn,NOR2,
RAU,诺霍斯,Raufoss,NOR2,
ASA,阿萨纳,Asane,NOR2,
SRM,斯托曼,Strommen,NOR2,
SDJ,桑德捷斯基,Sonderjyske,DEN1,
SIF,锡尔克堡,Silkeborg,DEN1,
AGF,奥胡斯,Aarhus,DEN1,
BIF,布隆德比,Brondby,DEN1,
CPH,哥本哈根,FC Copenhagen,DEN1,
ACH,霍森斯,Horsens,DEN1,
LBK,利恩比,Lyngby,DEN1,
MDT,中日德兰,Midtjylland,DEN1,
FCN,北西兰,Nordsjaelland,DEN1,
ODB,欧登塞,Odense,DEN1,
RDC,兰讷斯,Randers FC,DEN1,
VFF,维堡,Viborg,DEN1,
AFM,奥胡斯费马,Aarhus Fremad,DEN2,
HVI,哈维德夫,Hvidovre IF,DEN2,
FRE,弗雷德里西亚,Fredericia,DEN2,
KIF,科灵,Kolding IF,DEN2,
ABC,AB格莱萨克瑟,AB Copenhagen,DEN2,
VEJ,瓦埃勒,Vejle,DEN2,
KOG,靴尔科治,Koge,DEN2,
AAB,奥尔堡,Aalborg,DEN2,
ESB,埃斯比约,Esbjerg,DEN2,
VDS,文德斯尔,Vendsyssel,DEN2,
HOB,霍布罗,Hobro,DEN2,
HIL,希勒罗德,Hillerod,DEN2,
WSG,WSG蒂罗尔,Tirol,AUT1,
GAK,格拉茨AK,Grazer AK,AUT1,
WAC,沃尔夫斯伯格,Wolfsberger AC,AUT1,
HTB,哈特堡格,Hartberg,AUT1,
FAK,奥地利维也纳,Austria Vienna,AUT1,
LAS,LASK林茨,LASK,AUT1,
SCR,维也纳快速,SK Rapid,AUT1,
RBS,萨尔茨堡红牛,Salzburg,AUT1,
RIE,里德,Ried,AUT1,
ALT,阿尔塔奇,Altach,AUT1,
STU,格拉茨风暴,Sturm Graz,AUT1,
ALU,奥地利卢斯特瑙,A. Lustenau,AUT1,
ADM,阿德米拉,Admira,AUT2,
FLO,弗洛里茨多夫,Floridsdorfer AC,AUT2,
SKN,圣珀尔滕,St. Polten,AUT2,
BRZ,布雷根茨,Bregenz,AUT2,
LIF,列弗宁,Liefering,AUT2,
RP2,维也纳快速青年队,SK Rapid II,AUT2,
FIV,第一维也纳,First Vienna,AUT2,
ST2,格拉茨风暴青年队,Sturm Graz II,AUT2,
KAP,卡芬堡,Kapfenberg,AUT2,
WAK,瓦克蒂罗尔,Wacker Innsbruck,AUT2,
FK2,奥地利维也纳青年队,Austria Vienna (Am),AUT2,
VOI,禾斯贝治,ASK Voitsberg,AUT2,
BWL,BW林茨,BW Linz,AUT2,
AMS,阿姆施泰滕,Amstetten,AUT2,
ASZ,奥地利萨尔茨堡,A. Salzburg,AUT2,
HWL,WSC赫塔威尔斯,Hertha Wels,AUT2,
LSO,洛桑,Lausanne,SUI1,
LUG,卢加诺,Lugano,SUI1,
SFC,塞尔维特,Servette,SUI1,
BAS,巴塞尔,Basel,SUI1,
YBO,年轻人,Young Boys,SUI1,
FCZ,苏黎世,Zurich,SUI1,
GCZ,草蜢,Grasshoppers,SUI1,
LUZ,卢塞恩,Luzern,SUI1,
SIO,锡永,Sion,SUI1,
STG,圣加仑,St. Gallen,SUI1,
THU,图恩,Thun,SUI1,
FCV,瓦杜兹,Vaduz,SUI1,
XAM,纳沙泰尔,Xamax,SUI2,
KRI,克里恩斯,Kriens,SUI2,
ETC,卡鲁日星,Etoile-Carouge,SUI2,
NYO,尼奈斯,Stade Nyonnais,SUI2,
AAU,阿劳,Aarau,SUI2,
FCW,韦尔,Wil,SUI2,
WIN,温特图尔,Winterthur,SUI2,
YSI,伊韦尔东,Yverdon,SUI2,
RPJ,瑞普斯威尔,Rapperswil-Jona,SUI2,
SLO,乌契,Lausanne Ouchy,SUI2,
SHM,沙姆洛克流浪,Shamrock Rovers,IRL1,
BOH,波希米亚人,Bohemians,IRL1,
SJP,圣帕特里克,St. Patricks,IRL1,
DDK,邓多克,Dundalk,IRL1,
SHE,谢尔伯恩,Shelbourne,IRL1,
DCI,德里城,Derry City,IRL1,
GAU,戈尔韦联,Galway,IRL1,
DRO,德罗赫达联,Drogheda,IRL1,
WFC,沃特福德联队,Waterford,IRL1,
SLI,斯莱戈流浪者,Sligo Rovers,IRL1,
CCF,科克城,Cork City,IRL2,
BRW,布雷,Bray,IRL2,
UCD,都柏林大学,UC Dublin,IRL2,
LON,朗福德城,Longford,IRL2,
COB,科布漫步者,Cobh Ramblers,IRL2,
WEX,韦克斯福德,Wexford,IRL2,
AHT,阿斯隆城,Athlone,IRL2,
KER,凯里FC,Kerry,IRL2,
TRU,特瑞特联,Treaty United,IRL2,
FHA,费恩哈普,Finn Harps,IRL2,
KLM,卡拉马达,Kalamata,GRE1,
IRA,伊拉克里斯,Iraklis 1908,GRE1,
OFI,OFI克里特,OFI Crete,GRE1,
PAO,帕纳辛奈科斯,Panathinaikos,GRE1,
AEK,AEK雅典,AEK Athens,GRE1,
OLY,奥林匹亚科斯,Olympiacos Piraeus,GRE1,
ARI,阿里斯,Aris,GRE1,
AST,特里波利斯,Asteras Tripolis,GRE1,
POK,塞萨洛尼基,PAOK,GRE1,
LVD,莱瓦贾科斯,Levadiakos,GRE1,
ATR,阿特罗米托斯,Atromitos,GRE1,
PNT,帕纳多里高斯,Panetolikos,GRE1,
KIF,基菲萨,Kifisia,GRE1,
VOS,维洛斯NFC,Volos,GRE1,
UCV,克拉约瓦大学,Univ. Craiova,ROU1,
CVN,胡内多阿拉,Corvinul,ROU1,
FSB,布加勒斯特星,FCSB,ROU1,
RAP,布加勒斯特快速,FC Rapid Bucuresti,ROU1,
UCJ,克卢日大学,U. Cluj,ROU1,
PLO,佩特罗鲁,Petrolul,ROU1,
OTE,加拉茨钢铁,Otelul,ROU1,
BTO,博托沙尼,FC Botosani,ROU1,
VLT,沃伦塔利,FC Voluntari,ROU1,
FRC,法鲁尔,Farul Constanta,ROU1,
CFR,克卢日,CFR Cluj,ROU1,
DIN,布加勒斯特迪纳摩,Dinamo Bucuresti,ROU1,
SEP,圣格奥尔基塞普西,Sepsi Sf. Gheorghe,ROU1,
AGS,阿格斯,FC Arges,ROU1,
CSI,FK米耶尔库雷亚丘克,Csikszereda M. Ciuc,ROU1,
UTA,阿拉德联队,UTA Arad,ROU1,
VIR,维京古尔,Vikingur Reykjavik,ISL1,
KRR,KR雷克雅未克,KR Reykjavik,ISL1,
FRM,弗拉姆,Fram,ISL1,
BDK,贝雷达比历克,Breidablik,ISL1,
KEF,凯夫拉维克,Keflavik,ISL1,
VLU,瓦路尔,Valur,ISL1,
IBV,韦斯特曼纳埃亚尔,Vestmannaeyjar,ISL1,
STN,斯塔尔南,Stjarnan,ISL1,
AKR,IA阿克拉内斯,Akranes,ISL1,
KAA,阿古雷利,KA Akureyri,ISL1,
FHV,哈夫纳夫约杜尔,Hafnarfjordur,ISL1,
THO,托尔,Thor Akureyri,ISL1,
TBS,特拉布宗体育,Trabzonspor,TUR1,
GAZ,加济安泰普大都会,Gaziantep,TUR1,
SAM,萨姆松体育,Samsunspor,TUR1,
ALN,阿拉尼亚体育,Alanyaspor,TUR1,
AMD,阿美德体育,Amedspor,TUR1,
EYU,埃于普体育,Eyupspor,TUR1,
GAL,加拉塔萨雷,Galatasaray,TUR1,
FEN,费内巴切,Fenerbahce,TUR1,
BES,贝西克塔斯,Besiktas,TUR1,
KNY,科尼亚体育,Konyaspor,TUR1,
GNC,根克勒比利吉,Genclerbirligi,TUR1,
RIZ,里泽体育,Rizespor,TUR1,
KAS,卡斯帕萨,Kasimpasa,TUR1,
KOC,高卡尔利体育,Kocaelispor,TUR1,
IBF,伊斯坦布尔巴萨克塞尔,Basaksehir,TUR1,
GOZ,哥兹塔比,Goztepe,TUR1,
ERZ,埃祖姆体育,Erzurumspor,TUR1,
CRM,科鲁姆,Corum,TUR1,
JAG,比亚韦斯托克雅盖隆,Jagiellonia,POL1,
GOR,扎布热矿工,Gornik Zabrze,POL1,
KRN,哥罗纳,Korona Kielce,POL1,
PIA,皮亚斯特,Piast Gliwice,POL1,
KAT,GKS卡托威斯,GKS Katowice,POL1,
MTL,莫托路宾,Motor Lublin,POL1,
SLA,史拉斯科,Slask Wroclaw,POL1,
WIP,华沙普洛克,Wisla Plock,POL1,
POG,什切青波贡,Pogon Szczecin,POL1,
WIS,克拉科夫,Wisla,POL1,
LEW,华沙莱吉亚,Legia,POL1,
LPO,波兹南莱赫,Lech Poznan,POL1,
ZAG,卢宾扎格勒比,Zaglebie,POL1,
CRV,克拉科维亚,Cracovia,POL1,
WID,维德祖罗兹,Widzew Lodz,POL1,
RAD,拉多麦科,Radomiak Radom,POL1,
RAK,琴斯托霍瓦,Rakow,POL1,
WIE,KS莫摩斯,Wieczysta Krakow,POL1,
SVK,斯洛瓦科,Slovacko,CZE1,
HRA,赫拉德茨克拉洛韦,Hradec Kralove,CZE1,
B05,波希米亚1905,Bohemians,CZE1,
ZBR,布尔诺,Brno,CZE1,
JAB,亚布洛内茨,Jablonec,CZE1,
SLL,利贝雷茨,Liberec,CZE1,
MLA,博雷斯拉夫,Mlada Boleslav,CZE1,
BAN,俄斯特拉发,Ostrava,CZE1,
PLZ,比尔森胜利,Plzen,CZE1,
SIG,奥洛穆茨,Sigma Olomouc,CZE1,
SLP,布拉格斯拉维亚,Slavia Prague,CZE1,
SPP,布拉格斯巴达,Sparta Prague,CZE1,
TEP,特普利斯,Teplice,CZE1,
ZLI,兹林,Zlin,CZE1,
ART,阿蒂斯布尔诺,Artis Brno,CZE1,
PDU,帕尔杜比斯,FK Pardubice,CZE1,
MIT,水户蜀葵,Mito HollyHock,JPN1,
FUK,福冈黄蜂,Avispa Fukuoka,JPN1,
CEO,大阪樱花,Cerezo Osaka,JPN1,
TOV,东京绿茵,Tokyo Verdy,JPN1,
KYO,京都不死鸟,Kyoto Sanga,JPN1,
NAG,名古屋鲸八,Nagoya Grampus,JPN1,
SHI,清水心跳,Shimizu S-Pulse,JPN1,
YFM,横滨水手,Yokohama F. Marinos,JPN1,
KAW,川崎前锋,Kawasaki Frontale,JPN1,
KRE,柏太阳神,Kashiwa Reysol,JPN1,
JEF,千叶市原,JEF United Chiba,JPN1,
VIS,神户胜利船,Vissel Kobe,JPN1,
URA,浦和红钻,Urawa Red Diamonds,JPN1,
HIR,广岛三箭,Sanfrecce Hiroshima,JPN1,
FCT,FC东京,FC Tokyo,JPN1,
KSH,鹿岛鹿角,Kashima Antlers,JPN1,
GAM,大阪钢巴,Gamba Osaka,JPN1,
OKA,冈山绿雉,Fagiano Okayama,JPN1,
MAC,町田泽维亚,Machida Zelvia,JPN1,
VVN,长崎成功丸,V-Varen Nagasaki,JPN1,
TOK,德岛漩涡,Tokushima Vortis,JPN2,
KOF,甲府风林,Ventforet Kofu,JPN2,
SAG,鸟栖砂岩,Sagan Tosu,JPN2,
VEG,仙台维加泰,Vegalta Sendai,JPN2,
SHO,湘南海洋,Shonan Bellmare,JPN2,
YFC,横滨FC,Yokohama FC,JPN2,
YAM,山形山神,Montedio Yamagata,JPN2,
NII,新泻天鹅,Albirex Niigata,JPN2,
OIT,大分三神,Oita Trinita,JPN2,
SAP,札幌冈萨多,Consadole Sapporo,JPN2,
IWA,磐田喜悦,Jubilo Iwata,JPN2,
OMI,大宫松鼠,Omiya Ardija,JPN2,
TOY,富山胜利,Kataller Toyama,JPN2,
AKI,秋田蓝色闪电,Blaublitz Akita,JPN2,
IMA,FC今治,FC Imabari,JPN2,
FUJ,藤枝MYFC,Fujieda MYFC,JPN2,
VNR,八户云罗里,Vanraure Hachinohe,JPN2,
IWK,磐城FC,Iwaki FC,JPN2,
MIY,宫崎棒牛鸟,Tegevajaro Miyazaki,JPN2,
TOC,枥木市FC,Tochigi City,JPN2,
SEO,FC首尔,FC Seoul,KOR1,
GAN,江原FC,Gangwon FC,KOR1,
JEO,全北现代,Jeonbuk Hyundai Motors,KOR1,
ULS,蔚山HD,Ulsan HD,KOR1,
POH,浦项制铁,Pohang Steelers,KOR1,
INC,仁川联,Incheon United,KOR1,
ANY,FC安养,FC Anyang,KOR1,
JEJ,济州联,Jeju United,KOR1,
DAE,大田市民,Daejeon Hana Citizen,KOR1,
BUC,富川FC,Bucheon FC 1995,KOR1,
GIM,金泉尚武,Gimcheon Sangmu,KOR1,
GWA,光州FC,Gwangju FC,KOR1,
BUS,釜山偶像,Busan IPark,KOR2,
SSB,水原三星,Suwon Bluewings,KOR2,
DGU,大邱FC,Daegu FC,KOR2,
SUW,水原FC,Suwon FC,KOR2,
SEL,首尔衣恋,Seoul E-Land,KOR2,
HWA,华城FC,Hwaseong FC,KOR2,
GMP,金浦市民,Gimpo FC,KOR2,
ASN,忠南牙山,Chungnam Asan,KOR2,
GYE,庆南FC,Gyeongnam FC,KOR2,
SNG,城南FC,Seongnam FC,KOR2,
CNC,天安城,Cheonan City,KOR2,
PAJ,坡州市民,Paju Citizen,KOR2,
YON,龙仁FC,Yongin City,KOR2,
CHJ,忠北清州,Chungbuk Cheongju,KOR2,
ANS,安山小绿人,Ansan Greeners,KOR2,
JND,全南天龙,Jeonnam Dragons,KOR2,
GMH,金海FC,Gimhae FC,KOR2,
ADE,阿德莱德联,Adelaide United,AUS1,
CCM,中央海岸水手,Central Coast Mariners,AUS1,
NCJ,纽卡斯尔喷气机,Newcastle Jets,AUS1,
PGL,珀斯光荣,Perth Glory,AUS1,
BRI,布里斯班狮吼,Brisbane Roar,AUS1,
SYD,悉尼FC,Sydney FC,AUS1,
WEL,惠灵顿凤凰,Wellington Phoenix,AUS1,
MLV,墨尔本胜利,Melbourne Victory,AUS1,
MLC,墨尔本城,Melbourne City,AUS1,
WSW,西悉尼流浪者,Western Sydney Wanderers,AUS1,
MCA,麦克阿瑟FC,Macarthur FC,AUS1,
AUC,奥克兰FC,Auckland FC,AUS1,
VAN,温哥华白浪,Vancouver Whitecaps,USA1,
SJE,圣何塞地震,San Jose Earthquakes,USA1,
LAF,洛杉矶FC,Los Angeles FC,USA1,
RSL,皇家盐湖城,Real Salt Lake,USA1,
DAL,达拉斯FC,FC Dallas,USA1,
SEA,西雅图海湾人,Seattle Sounders,USA1,
HOU,休斯敦迪纳摩,Houston Dynamo,USA1,
MIN,明尼苏达联,Minnesota United,USA1,
LAG,洛杉矶银河,Los Angeles Galaxy,USA1,
STL,圣路易斯城,St. Louis City,USA1,
PTL,波特兰伐木者,Portland Timbers,USA1,
SDF,圣地亚哥FC,San Diego FC,USA1,
CLR,科罗拉多急流,Colorado Rapids,USA1,
ATN,奥斯汀FC,Austin FC,USA1,
SKC,堪萨斯城竞技,Sporting Kansas City,USA1,
NSH,纳什威尔SC,Nashville SC,USA1,
MIA,迈阿密国际,Inter Miami,USA1,
CHI,芝加哥火焰,Chicago Fire,USA1,
NER,新英格兰革命,New England Revolution,USA1,
NYR,纽约红牛,New York Red Bulls,USA1,
CLT,夏洛特FC,Charlotte,USA1,
CIN,辛辛那提FC,FC Cincinnati,USA1,
NYC,纽约城,New York City,USA1,
DCU,华盛顿联,DC United,USA1,
CMB,哥伦布机员,Columbus Crew,USA1,
MTR,CF蒙特利尔,CF Montreal,USA1,
TRT,多伦多FC,Toronto FC,USA1,
ORL,奥兰多城,Orlando City,USA1,
ATU,亚特兰大联,Atlanta Utd,USA1,
PHI,费城联合,Philadelphia Union,USA1,
PAL,帕尔梅拉斯,Palmeiras,BRA1,
FLA,弗拉门戈,Flamengo RJ,BRA1,
FLU,弗鲁米嫩塞,Fluminense,BRA1,
BGT,布拉甘蒂诺RB,Bragantino,BRA1,
CAP,巴拉纳竞技,Athletico-PR,BRA1,
BAH,巴伊亚,Bahia,BRA1,
CTB,科里蒂巴,Coritiba,BRA1,
SAO,圣保罗,Sao Paulo,BRA1,
BOT,博塔弗戈,Botafogo RJ,BRA1,
AMG,米内罗竞技,Atletico-MG,BRA1,
VTA,维多利亚,Vitoria,BRA1,
COR,科林蒂安,Corinthians,BRA1,
CRU,克鲁塞罗,Cruzeiro,BRA1,
INL,巴西国际,Internacional,BRA1,
SAN,桑托斯,Santos,BRA1,
GRM,格雷米奥,Gremio,BRA1,
VAS,瓦斯科达伽马,Vasco,BRA1,
MIR,米拉索,Mirassol,BRA1,
REM,瑞模贝雷,Remo,BRA1,
CHP,沙佩科恩斯,Chapecoense-SC,BRA1,
CRI,克里丘马,Criciuma,BRA2,
VNO,维拉诺瓦,Vila Nova FC,BRA2,
JVT,尤文图德,Juventude,BRA2,
OPE,欧帕尔利奥,Operario-PR,BRA2,
FOR,福塔雷萨,Fortaleza,BRA2,
NOV,诺瓦里桑蒂诺,Novorizontino,BRA2,
GOI,戈伊亚斯,Goias,BRA2,
SBE,圣贝纳多,Sao Bernardo,BRA2,
SPR,累西腓体育,Sport Recife,BRA2,
AGO,戈亚尼亚竞技,Atletico GO,BRA2,
CUI,库亚巴,Cuiaba,BRA2,
ATC,巴西竞技,Athletic Club,BRA2,
CRB,雷加塔斯巴西,CRB,BRA2,
NAU,累西腓航海,Nautico,BRA2,
BSP,保地花高SP,Botafogo SP,BRA2,
LDR,隆迪那,Londrina,BRA2,
AVA,奥瓦,Avai,BRA2,
CEA,塞阿拉,Ceara,BRA2,
PON,庞特普雷塔,Ponte Preta,BRA2,
AMM,米内罗美洲,America MG,BRA2,
NOB,纽维尔老男孩,Newells Old Boys,ARG1,
LAN,拉努斯,Lanus,ARG1,
VEL,萨斯菲尔德,Velez Sarsfield,ARG1,
SLZ,圣洛伦索,San Lorenzo,ARG1,
IND,阿根廷独立,Independiente,ARG1,
ELP,拉普拉塔大学生,Estudiantes L.P.,ARG1,
BOC,博卡青年,Boca Juniors,ARG1,
USF,圣菲联合,Union de Santa Fe,ARG1,
TAL,塔勒瑞斯,Talleres Cordoba,ARG1,
DYJ,防卫者,Defensa y Justicia,ARG1,
INS,科尔多瓦学院,Instituto,ARG1,
PLA,普拉腾斯,Platense,ARG1,
DRI,利斯特雷,Dep. Riestra,ARG1,
CCO,科尔多瓦中央SDE,Central Cordoba,ARG1,
GME,甘拿斯亚门多萨,Gimnasia Mendoza,ARG1,
RSC,罗萨里奥中央,Rosario Central,ARG1,
TGR,泰格雷,Tigre,ARG1,
AJR,阿根廷青年人,Argentinos Jrs,ARG1,
BNF,班菲尔德,Banfield,ARG1,
GLP,拉普拉塔体操,Gimnasia L.P.,ARG1,
RAC,竞技俱乐部,Racing Club,ARG1,
HUR,飓风队,Huracan,ARG1,
RIV,河床,River Plate,ARG1,
BLG,贝尔格拉诺,Belgrano,ARG1,
ALD,阿尔多西维,Aldosivi,ARG1,
ACT,图库曼竞技,Atl. Tucuman,ARG1,
IRI,门多萨独立,Ind. Rivadavia,ARG1,
SAR,萨尔米安杜,Sarmiento Junin,ARG1,
BAC,巴拉卡斯中央队,Barracas Central,ARG1,
ERC,里奥夸尔托学生队,Estudiantes Rio Cuarto,ARG1,
CCL,科洛科洛,Colo Colo,CHL1,
UCA,智利天主大学,U. Catolica,CHL1,
UCH,智利大学,U. De Chile,CHL1,
COQ,科金博,Coquimbo,CHL1,
PLE,帕莱斯蒂诺,Palestino,CHL1,
HUA,华奇巴托,Huachipato,CHL1,
EVC,维尼亚德马埃弗顿,Everton,CHL1,
NUB,奴伯伦斯,Nublense,CHL1,
LIM,利马切颜色,Limache,CHL1,
OHI,希金斯,O'Higgins,CHL1,
UCO,康塞普西翁大学,U. De Concepcion,CHL1,
LSE,塞雷那,La Serena,CHL1,
AIT,奥达斯,A. Italiano,CHL1,
DCO,康塞普西翁,D. Concepcion,CHL1,
CBS,科布雷索,Cobresal,CHL1,
ULC,拉卡莱拉联,Union La Calera,CHL1,
CAZ,蓝十字,Cruz Azul,MEX1,
PAH,帕丘卡,Pachuca,MEX1,
TIJ,蒂华纳,Club Tijuana,MEX1,
MTY,蒙特雷,Monterrey,MEX1,
ATL,阿特拉斯,Atlas,MEX1,
TOL,托卢卡,Toluca,MEX1,
NCX,内卡萨,Necaxa,MEX1,
AME,墨西哥美洲,Club America,MEX1,
PUE,普埃布拉,Puebla,MEX1,
PUM,普马斯,UNAM Pumas,MEX1,
SLG,桑托斯拉古纳,Santos Laguna,MEX1,
ASL,圣路易斯竞技,Atl. San Luis,MEX1,
LEO,莱昂,Club Leon,MEX1,
ATE,亚特兰特,Atlante,MEX1,
QUE,克雷塔罗,Queretaro,MEX1,
JUA,华雷斯,Juarez,MEX1,
TIG,老虎大学,Tigres UANL,MEX1,
GUA,瓜达拉哈拉,Guadalajara Chivas,MEX1,